restaurant, rating, price, category, street, city, state, zip, country, website, email, phone
totam autem placeat, 5, 2, aut, 672 Shanahan Stravenue, Maximilliaport, Utah, 71637, rerum, https://maeve.com, Tiffany_Parisian32@yahoo.com, (581) 447-1117
quasi voluptatem est, 1, 1, repellendus, 670 Eloise Roads, East Chelsey, Colorado, 77013-1588, voluptatem, https://rozella.com, Judah.Carroll@gmail.com, (135) 444-0235 x041
magni odio dicta, 1, 1, corporis, 0031 Klein Brook, Reillyhaven, Kansas, 81402, voluptatem, https://shania.info, Leonor_Pouros59@gmail.com, 581.572.0903
nihil culpa repellat, 3, 0, et, 0216 Domenica Estate, Justenmouth, Texas, 03859, eos, http://chauncey.net, Eloise99@yahoo.com, 131.761.5351 x804
quisquam doloremque dolores, 5, 1, perferendis, 81916 Senger Forge, South Adam, Massachusetts, 60672-3451, asperiores, http://kayleigh.org, Reece.Haley@yahoo.com, (057) 791-9019
asperiores corporis aut, 1, 1, cupiditate, 8011 Rowe River, Port Johnpaul, Maine, 80857-3323, necessitatibus, http://alexander.biz, Lauretta_Kling@hotmail.com, 937.198.0218 x5886
repudiandae temporibus eum, 1, 2, rerum, 6619 Smitham Rapid, Wunschborough, Arizona, 19527, temporibus, http://lavern.biz, Javon.Larkin65@hotmail.com, (703) 985-5899 x8684
sit consequatur facilis, 4, 2, et, 73890 Angelina Port, Wilkinsonbury, Arkansas, 60426-9287, eos, https://millie.biz, Lacy_Hand@yahoo.com, 1-192-308-9565
hic sed qui, 5, 3, quis, 972 Casper Ports, West Jan, Oregon, 75805-7207, tenetur, https://abe.org, Tad29@gmail.com, 1-636-247-8372 x583
molestias voluptas quae, 4, 1, eos, 792 Carter Spurs, Osinskichester, Ohio, 71890, labore, http://johnny.biz, Florian_Stracke77@hotmail.com, 268.588.0208
commodi est facilis, 2, 0, autem, 4132 Zena Mews, New Rhianna, Virginia, 99237-0568, temporibus, https://yesenia.com, Birdie94@yahoo.com, 1-447-318-1720
magni dicta dicta, 4, 1, eum, 91052 Bahringer Groves, Port Florenciobury, Missouri, 81353-5214, repellendus, http://ethel.biz, Alaina73@yahoo.com, (281) 205-4507 x5681
excepturi distinctio autem, 4, 1, doloremque, 18013 Verna Harbors, Wavabury, Idaho, 17592-8313, quisquam, https://yvette.net, Kareem20@hotmail.com, 269-109-6126
explicabo porro cum, 3, 4, et, 5118 Flavio Drive, East Candacehaven, Kansas, 99887, quia, http://dillon.com, Lelia_Leffler@gmail.com, 489-134-3433
consequatur et accusamus, 5, 4, nihil, 361 Luettgen Prairie, South Katlyn, South Carolina, 61365, nam, http://mia.biz, Chesley47@hotmail.com, (153) 533-9993
error fugit optio, 5, 3, quia, 53276 Lucius Vista, East Lloyd, Maryland, 40735-8268, nihil, https://giles.name, Dayton_Grady69@yahoo.com, 063.829.3101
dicta et veniam, 2, 1, amet, 1963 Kraig River, Handshire, Wisconsin, 85050, expedita, https://gus.com, Keyon.Lynch@yahoo.com, (184) 611-5233 x5823
assumenda labore id, 5, 1, pariatur, 00286 Brigitte Route, Port Laurenstad, Mississippi, 63007, et, http://bonnie.biz, Adriel_Jakubowski35@gmail.com, (876) 480-0291
voluptatem esse doloremque, 3, 0, modi, 8508 Marcos Views, Melbaville, Nebraska, 51261-4543, labore, http://elmore.org, Dorthy.Klocko73@hotmail.com, (879) 256-2261 x4814
mollitia quisquam maxime, 3, 4, asperiores, 46221 Edison Mountain, Port Theodoremouth, Mississippi, 46590-3911, repudiandae, http://damon.biz, Gloria42@yahoo.com, (394) 580-3000 x539
impedit officiis ut, 1, 2, ut, 2637 Satterfield Manors, East Fanny, Oklahoma, 06132-1168, eius, http://domingo.net, Ezekiel85@yahoo.com, (894) 600-5833
impedit ad voluptas, 1, 1, et, 8109 Wiza Radial, East Hettiemouth, Nevada, 29930-6603, aut, http://sallie.net, Daisy85@yahoo.com, 916-334-1778 x6910
voluptatibus praesentium veritatis, 4, 0, nihil, 088 Kris Cove, Sydnieside, Oregon, 68965, expedita, http://vita.net, Dorian.Marvin@hotmail.com, 144.635.1458 x71572
exercitationem in aut, 5, 4, consequuntur, 78091 Emmanuelle Coves, Christiansenstad, Hawaii, 45910, eius, https://lon.org, Bartholome46@gmail.com, 945.886.0422 x6292
laborum tempora est, 1, 1, occaecati, 8518 Gibson Center, South Loraland, Oklahoma, 59511-1687, tempora, http://daron.org, Rose.Crooks@hotmail.com, 422.265.8432 x34093
magnam non non, 3, 3, quibusdam, 93192 Christopher Place, Elihaven, Indiana, 36054, quas, http://ike.name, Onie.McCullough@gmail.com, 1-329-681-0468
non facilis ratione, 1, 1, porro, 2419 Katelynn Meadow, Lakinbury, Kentucky, 43518-0405, sequi, http://camden.info, Jaunita_McLaughlin49@hotmail.com, 300.641.3166 x295
inventore quis quia, 0, 2, assumenda, 1493 Maynard Roads, Howeborough, Massachusetts, 63787-7500, molestiae, https://quinton.info, Adrain50@hotmail.com, (836) 298-4129
alias veniam consectetur, 1, 2, fuga, 5420 Thompson Loaf, Lake Devanteland, Missouri, 64630, eos, https://kaley.net, Ewell_Thompson62@hotmail.com, 1-356-271-6165 x9244
repellat unde in, 0, 0, non, 49475 Bahringer Prairie, North Sarahfort, Massachusetts, 99440, reprehenderit, https://kristy.biz, Craig94@yahoo.com, 1-385-062-2169
sed soluta et, 5, 1, et, 9387 Walsh Shoal, Cadenmouth, Colorado, 06029-5218, assumenda, http://viviane.org, Scottie_Russel@gmail.com, 308-532-9246
et sed provident, 5, 1, sunt, 6138 Haleigh Locks, Lake Saigefort, South Carolina, 69949, maxime, http://clementine.name, Russel59@gmail.com, 033.721.4439 x5237
quia at amet, 3, 4, amet, 05145 Alan Manors, Lake Alexie, Utah, 24594-4377, rerum, https://otis.net, Milan.Jones@gmail.com, (757) 887-0469 x464
est esse autem, 1, 2, iusto, 71905 Karli Run, Gibsonside, Tennessee, 25706, debitis, http://kayla.name, Magdalen.Hodkiewicz14@gmail.com, (358) 703-4920 x411
nulla mollitia iure, 2, 4, quis, 045 Feeney Ports, New Elyssa, Texas, 26118, voluptatem, https://margarete.info, Moises62@yahoo.com, 954.912.0008 x73582
veniam reprehenderit nisi, 1, 3, eos, 1762 Larkin Squares, Houstonchester, New Jersey, 61289-5136, itaque, http://cary.com, Elwyn_Frami@gmail.com, 1-372-882-8200 x22324
blanditiis repellendus est, 1, 4, enim, 07395 Sven Plains, Port Lisandro, New Mexico, 68333-2860, natus, http://leda.info, Loraine38@hotmail.com, 414-977-3386 x17796
similique vel quis, 5, 3, qui, 7824 Anya Fords, Borerstad, North Carolina, 86080-3325, porro, http://alaina.net, Lorenza_Purdy55@gmail.com, 137-045-1537 x218
praesentium facere sequi, 5, 0, et, 77913 Ryan Greens, West Leolatown, Kansas, 44284-4574, voluptate, https://jan.net, Samantha_Howell80@gmail.com, 1-006-857-6478
voluptatum maiores sapiente, 2, 4, atque, 270 Stroman Tunnel, North Leilani, Washington, 88190, ea, http://darby.net, Jessyca_Abernathy61@hotmail.com, 158.745.9856
nisi cum sit, 4, 1, provident, 45429 Marta Neck, Wolffberg, Alaska, 49876-0264, dolor, http://cleo.biz, Taylor.Rau58@gmail.com, 209.307.4820 x845
perferendis consequatur quasi, 5, 2, minima, 9317 Ellie Hill, Lethafurt, Nebraska, 62818-7412, nihil, https://ruth.biz, Amina.Ullrich@yahoo.com, 1-177-758-9060
pariatur commodi ipsam, 0, 1, velit, 974 Valentina Freeway, Kunzetown, Arkansas, 72802, velit, https://clemmie.biz, Kenneth43@gmail.com, 724.820.2546 x1543
dolores ipsam accusantium, 3, 2, quia, 546 Terry Ways, Jaceton, Idaho, 10717-8107, iusto, https://anthony.name, Fannie28@hotmail.com, 508.781.8935 x779
maiores illo quasi, 5, 0, similique, 445 Predovic Junctions, Javonberg, New Mexico, 66744, repellat, http://jalon.biz, Keon89@hotmail.com, (723) 483-3009 x258
praesentium consequatur quisquam, 3, 4, quae, 344 Fay Path, East Isaimouth, Alaska, 56763, velit, https://carol.name, Kareem.Gislason@hotmail.com, 1-462-030-8753 x2620
non voluptates iure, 3, 3, voluptatem, 684 Humberto Club, Koelpinland, Kansas, 44362, quas, http://ardella.com, Hal_Hyatt36@gmail.com, (158) 051-0757 x0678
velit a mollitia, 4, 1, nobis, 916 Bertram Mountain, Frederikland, Nevada, 13623, ad, https://buddy.name, Ariane_Hermann95@hotmail.com, 1-464-077-1384 x525
accusantium ipsum ut, 5, 2, aliquam, 60263 Hartmann Station, North Jaunita, Connecticut, 72465-3283, autem, https://emma.com, Darien.Kemmer@yahoo.com, 686.277.4155
quae quis dolor, 2, 3, natus, 760 Rebeca Row, Markside, Louisiana, 74139-6404, possimus, https://justine.com, Arianna.Armstrong30@yahoo.com, 1-250-623-5389 x5637
officiis aperiam et, 3, 0, ad, 7917 Gutmann Ramp, Port Pascale, New Mexico, 24423-5518, dolores, https://julia.info, Dessie_Stark36@yahoo.com, 1-077-116-6428
sit odit quis, 2, 1, eos, 2243 Muller Pines, West Michelle, Idaho, 06539-8985, eligendi, http://maeve.name, Tyrel92@hotmail.com, (595) 404-0590
nam qui eveniet, 4, 4, voluptatem, 2833 Davis Common, South Hyman, Maine, 03340-1755, asperiores, https://jalen.org, Jaida_Spinka@gmail.com, 992-304-3520
dolorem adipisci est, 2, 3, id, 90613 Jodie Course, North Shaylee, Mississippi, 71325, aliquam, https://clemens.info, Uriel.Hansen@gmail.com, 455-758-8935
voluptatem assumenda delectus, 2, 0, quia, 86144 Schmitt Extensions, Lake Elishachester, Minnesota, 72085-2591, distinctio, https://karl.biz, Kennith_Sanford80@yahoo.com, 973-418-3324
architecto velit autem, 0, 0, possimus, 692 Wuckert Row, Streichburgh, Hawaii, 70664, nulla, http://ahmed.name, Pinkie.Okuneva7@gmail.com, 611-168-1651 x090
odit quis inventore, 4, 3, dolorem, 3035 Kozey Key, Nedrafort, Florida, 82197-4482, eveniet, https://virgil.com, Loren.Padberg72@hotmail.com, (216) 166-3336 x09257
quas qui non, 4, 2, esse, 15039 Jaren Valleys, Yesseniachester, Utah, 13167, vitae, http://lauretta.org, Evie_Lueilwitz@hotmail.com, (671) 647-3406 x68688
ut voluptate non, 4, 0, incidunt, 38203 Smitham Ramp, Rollinside, Oregon, 44753, commodi, http://manuel.net, Lila_Herzog73@hotmail.com, (815) 556-9219
animi et fuga, 2, 2, labore, 640 Gaylord Meadow, Dorotheafort, Iowa, 31856-5437, itaque, http://vivienne.name, Caleb.Mayer@yahoo.com, (709) 795-7380 x54497
non quos excepturi, 0, 3, quia, 5221 Zboncak Fields, Port Titoshire, Pennsylvania, 49559-1250, quod, http://roy.com, Ola_Wiegand@yahoo.com, 192-099-0928 x84470
necessitatibus ipsam doloribus, 2, 4, dolores, 6630 Russel Rapids, Gibsonview, Utah, 66403, ea, http://lindsay.biz, Jesse.Rowe14@gmail.com, 844.808.6870
eum excepturi voluptate, 0, 0, exercitationem, 41601 Zulauf Points, North Sylvesterburgh, Oklahoma, 15326, ut, https://kavon.com, Nick_Haag21@gmail.com, 1-621-618-5882
magnam earum optio, 4, 0, esse, 203 Brandi Green, North Leola, New Hampshire, 84725-1123, in, https://jovan.info, Hayden61@hotmail.com, 219-388-2563 x6637
nam quo nemo, 0, 1, consectetur, 7138 Keeling Parkway, New Amya, Vermont, 54160, et, http://lillian.info, Aric_Torphy83@hotmail.com, 050-983-0432
dolor assumenda facere, 4, 3, ut, 5998 Delmer Junctions, Gavinview, Alabama, 85527-7790, et, http://maurice.info, Kim.Gibson@yahoo.com, 265-939-2071 x38479
quis qui consectetur, 4, 4, magni, 2445 Juston Square, Alannatown, North Carolina, 40110-5794, mollitia, http://filomena.com, Emile_Kling80@yahoo.com, 925-094-0801 x090
placeat itaque impedit, 3, 1, velit, 0508 Delbert Knoll, West Dannie, Iowa, 37773, totam, http://ernestine.name, Aubree.Hermiston@hotmail.com, 592.426.8179 x3663
voluptate sit eum, 4, 0, vel, 701 Goodwin Square, South Bennieland, Wyoming, 83096-2725, amet, http://robyn.biz, Nichole91@yahoo.com, 106-406-6709
dolorem qui quisquam, 3, 3, occaecati, 859 Mina Run, Lebsackside, Louisiana, 37511, similique, http://jason.net, Winfield_Bednar@yahoo.com, 597-356-6221
excepturi quia quisquam, 3, 2, sit, 08748 Lyda Turnpike, Taylorview, South Carolina, 67697, sunt, http://jannie.net, Eliza_Williamson78@hotmail.com, 1-434-052-0946
officiis est modi, 3, 2, ut, 5069 Pink Way, Gutmannland, Connecticut, 64514-8301, sequi, http://devyn.net, Minerva6@yahoo.com, 098.846.1347 x9101
reprehenderit cum non, 3, 1, ea, 3351 Rebekah Harbors, West Brianfort, Nebraska, 77000-4182, ut, https://lempi.name, Bret42@gmail.com, 744-111-0520 x81153
omnis eos voluptatem, 2, 4, praesentium, 6707 Wilfrid Burg, Port Mariannehaven, Pennsylvania, 20261-8993, vel, https://lea.com, Axel.Simonis49@yahoo.com, 1-438-823-3599 x971
illum adipisci sed, 0, 0, veniam, 3856 Janiya Drive, Johnsonstad, Florida, 85270, tempore, http://hope.biz, Nils_Marquardt@yahoo.com, (202) 403-2983
aperiam quo ducimus, 5, 1, odit, 71503 Darien Ports, Halvorsonfort, North Carolina, 19256-5106, aut, http://nathanial.biz, Marc.Mayer9@hotmail.com, 1-169-893-0326 x1606
aliquid voluptatem et, 3, 4, quia, 9183 Deontae Curve, South Adelbert, Arizona, 72295, sit, http://mayra.biz, Alessandro_Lueilwitz@yahoo.com, 949.936.4666 x7823
alias praesentium voluptatibus, 5, 2, qui, 563 Onie Road, North Cecelia, Kansas, 23409, expedita, http://evangeline.info, Soledad_Balistreri58@hotmail.com, 701-374-9571
illo doloremque neque, 0, 1, odio, 150 McDermott Highway, New Adellefort, Louisiana, 02670, qui, http://annetta.org, Myrtice_Orn46@yahoo.com, 1-410-533-4941
nulla adipisci sapiente, 3, 2, sit, 0805 Gaetano Lights, New Marcelino, South Carolina, 77742-1625, molestiae, http://margaret.info, Judd_Ziemann@gmail.com, (874) 010-1824
perferendis placeat neque, 5, 4, autem, 940 Tierra Union, Stammton, Wisconsin, 58844-5236, modi, http://karina.org, Delphia_Schumm@hotmail.com, (606) 362-5415 x6420
illum tempora repudiandae, 3, 4, consequatur, 615 Paucek Bypass, Keeblerville, Virginia, 31758-8997, nam, https://rahsaan.biz, Leila55@yahoo.com, 375.563.0140 x1127
voluptate voluptatem corporis, 4, 3, eaque, 001 McDermott Circle, Lake Sabinaland, Louisiana, 34223, asperiores, http://alana.biz, Mara22@gmail.com, 090.848.3333 x8351
deleniti at similique, 5, 1, aperiam, 098 Jeff Mill, Shawnview, Idaho, 45508-6406, a, http://hellen.com, Talon_Homenick@hotmail.com, 034.219.3984 x21564
aut voluptatem repudiandae, 0, 3, ut, 482 Christiansen Club, Ullrichport, North Dakota, 06917-2606, mollitia, http://monserrat.info, Kim.Effertz35@yahoo.com, 989.750.9174 x612
velit sint porro, 4, 1, labore, 797 Okuneva Island, East Simonestad, South Dakota, 63712-1494, qui, http://osvaldo.com, Jerrold_Hansen52@yahoo.com, (256) 299-1616
earum amet et, 2, 1, odio, 4605 Ashtyn Drive, Lempimouth, Iowa, 58441-4260, atque, https://nat.net, Annalise.Mohr@yahoo.com, 135-069-7668 x77623
sapiente optio aspernatur, 0, 4, sapiente, 36003 Gracie Passage, Lake Rogeliohaven, Colorado, 71632, sed, http://delphia.net, Karina_Donnelly@hotmail.com, 790.138.8972
consequuntur soluta accusantium, 3, 3, dicta, 92866 Jeffrey Knoll, Wilkinsonfurt, Michigan, 12742, totam, https://donavon.biz, Evalyn_Mueller99@gmail.com, (931) 164-7359
et tempora explicabo, 2, 0, ea, 382 Cristian Mount, O'Connellmouth, Hawaii, 72280-8861, ut, https://napoleon.com, Dashawn.Mayer74@hotmail.com, 190.776.2873
et natus inventore, 0, 3, delectus, 76190 Torrey Curve, North Zakary, South Carolina, 24875-2539, temporibus, https://ransom.org, Cale.Jast34@hotmail.com, 531.399.3299
dolorem sapiente minus, 0, 4, ipsum, 94890 Feil Place, Purdyview, Delaware, 91882, sint, http://zion.net, Thea.Hilpert14@gmail.com, 617-373-6581 x285
omnis quo voluptatem, 5, 3, pariatur, 02523 Howe Mountain, Goodwinshire, Kentucky, 00632, velit, http://billy.org, Marge_Lockman@yahoo.com, (878) 718-2964
voluptatem nisi eos, 4, 2, rem, 81543 Cremin Lake, Abrahamtown, Montana, 77386, id, http://rashad.net, Mariah.Collier@yahoo.com, (901) 279-4402 x164
veniam nam aliquam, 5, 1, eveniet, 621 Sawayn Greens, Oletaview, Alaska, 79634-9150, corrupti, http://markus.com, Bryce.Rice@gmail.com, (439) 193-0757 x483
aut modi nihil, 1, 1, quidem, 045 Hagenes Parks, Gerlachfort, Arkansas, 25627-4189, id, https://maci.name, Percy56@gmail.com, (499) 474-4078
molestiae voluptate fuga, 4, 3, eaque, 9218 Blanda Union, Floytown, Rhode Island, 55302, nihil, https://elinor.info, Dariana_Champlin39@hotmail.com, 519.667.4765 x1283
non fuga molestiae, 3, 0, expedita, 33770 Rempel Key, West Laishaton, Alabama, 90472, magnam, https://loyce.info, Estrella.Hodkiewicz@gmail.com, (678) 143-8608
impedit aliquam ratione, 5, 1, officiis, 18761 Delphine Extension, West Marquise, Ohio, 41622-4441, doloribus, https://gregg.com, Estevan_Volkman62@gmail.com, 993.338.6652 x94728
culpa autem voluptatem, 4, 3, magni, 391 Sydni Creek, South Gunnar, North Carolina, 85638, facere, http://emanuel.biz, Eusebio15@hotmail.com, (627) 374-3919 x23127